ecosystem,pref,suff,term,estimate,std.error,statistic,p.value
NWdP,1,1,min_elapsed,47.87558148155314,42.34164614205063,1.1306972176031345,0.3404072761306176
PrP,1,1,min_elapsed,-26.375221429471335,20.21883168274784,-1.3044879072798539,0.2831209981058515
SWdP,1,1,min_elapsed,17.127856113264265,11.784133063197418,1.4534676434328146,0.2420550726954046
