ecosystem,pref,suff,gas,estimate,p.value,average_temp_kelvin,h1,h2,h3,h4,diameter_cm2,base_vol_l,total_vol_l,total_vol_m3,flux,units
NWdP,1,1,co2,47.87558148155314,0.3404072761306176,296.65,13,10,9.5,13,25.4,5.763797575,8.223797575,0.008223797575,5.374104441804313,umol_m2_s1
PrP,1,1,co2,-26.375221429471335,0.2831209981058515,301.4,5.5,5.25,6,5.5,25.4,2.818560352,5.278560352,0.005278560352,-1.8703907206392145,umol_m2_s1
SWdP,1,1,co2,17.127856113264265,0.2420550726954046,297.75,6,5.5,6,6,25.4,2.97690644,5.43690644,0.00543690644,1.2663888460822328,umol_m2_s1
